[
{"position": "1", "name": "Death Note", "score": "8.67"},
{"position": "2", "name": "Shingeki no Kyojin", "score": "8.48"},
{"position": "3", "name": "Sword Art Online", "score": "7.61"},
{"position": "4", "name": "Fullmetal Alchemist: Brotherhood", "score": "9.25"},
{"position": "5", "name": "One Punch Man", "score": "8.71"},
{"position": "6", "name": "Tokyo Ghoul", "score": "7.99"},
{"position": "7", "name": "Steins;Gate", "score": "9.14"},
{"position": "8", "name": "Angel Beats!", "score": "8.30"},
{"position": "9", "name": "Naruto", "score": "7.89"},
{"position": "10", "name": "Code Geass: Hangyaku no Lelouch", "score": "8.78"},
{"position": "11", "name": "No Game No Life", "score": "8.39"},
{"position": "12", "name": "Mirai Nikki", "score": "7.86"},
{"position": "13", "name": "Toradora!", "score": "8.38"},
{"position": "14", "name": "Ao no Exorcist", "score": "7.82"},
{"position": "15", "name": "Noragami", "score": "8.14"},
{"position": "16", "name": "Sword Art Online II", "score": "7.18"},
{"position": "17", "name": "Elfen Lied", "score": "7.74"},
{"position": "18", "name": "Boku no Hero Academia", "score": "8.43"},
{"position": "19", "name": "Fairy Tail", "score": "8.06"},
{"position": "20", "name": "Bleach", "score": "7.89"},
{"position": "21", "name": "Naruto: Shippuuden", "score": "8.19"},
{"position": "22", "name": "Tengen Toppa Gurren Lagann", "score": "8.73"},
{"position": "23", "name": "Code Geass: Hangyaku no Lelouch R2", "score": "8.94"},
{"position": "24", "name": "Soul Eater", "score": "8.02"},
{"position": "25", "name": "Akame ga Kill!", "score": "7.78"},
{"position": "26", "name": "Fullmetal Alchemist", "score": "8.28"},
{"position": "27", "name": "Kimi no Na wa.", "score": "9.16"},
{"position": "28", "name": "Another", "score": "7.75"},
{"position": "29", "name": "Kill la Kill", "score": "8.19"},
{"position": "30", "name": "Psycho-Pass", "score": "8.44"},
{"position": "31", "name": "Durarara!!", "score": "8.28"},
{"position": "32", "name": "Hunter x Hunter (2011)", "score": "9.11"},
{"position": "33", "name": "Re:Zero kara Hajimeru Isekai Seikatsu", "score": "8.41"},
{"position": "34", "name": "Highschool of the Dead", "score": "7.34"},
{"position": "35", "name": "Shigatsu wa Kimi no Uso", "score": "8.87"},
{"position": "36", "name": "Clannad", "score": "8.20"},
{"position": "37", "name": "One Piece", "score": "8.53"},
{"position": "38", "name": "Cowboy Bebop", "score": "8.81"},
{"position": "39", "name": "Boku dake ga Inai Machi", "score": "8.55"},
{"position": "40", "name": "Sen to Chihiro no Kamikakushi", "score": "8.91"},
{"position": "41", "name": "Tokyo Ghoul \u221aA", "score": "7.42"},
{"position": "42", "name": "Kiseijuu: Sei no Kakuritsu", "score": "8.51"},
{"position": "43", "name": "Shingeki no Kyojin Season 2", "score": "8.45"},
{"position": "44", "name": "Fate/Zero", "score": "8.43"},
{"position": "45", "name": "Ano Hi Mita Hana no Namae wo Bokutachi wa Mada Shiranai.", "score": "8.54"},
{"position": "46", "name": "Bakemonogatari", "score": "8.35"},
{"position": "47", "name": "Death Parade", "score": "8.26"},
{"position": "48", "name": "Nanatsu no Taizai", "score": "8.27"},
{"position": "49", "name": "Boku no Hero Academia 2nd Season", "score": "8.74"},
{"position": "50", "name": "Neon Genesis Evangelion", "score": "8.32"}
]